<?xml version="1.0" encoding="UTF-8"?> 

<!-- userid 파라미터로 가져오려고 아래 두줄 추가함 -->
<!-- <!DOCTYPE mapper PUBLIC "-//mybatis.org//DTD Mapper 3.0//EN" "http://mybatis.org/dtd/mybatis-3-mapper.dtd">
<mapper namespace="egovframework.example.sendmail.service.impl2.MailMapper2"> -->

<beans xmlns="http://www.springframework.org/schema/beans" xmlns:xsi="http://www.w3.org/2001/XMLSchema-instance"
	xmlns:jdbc="http://www.springframework.org/schema/jdbc"
	xsi:schemaLocation="http://www.springframework.org/schema/beans http://www.springframework.org/schema/beans/spring-beans-4.0.xsd
        http://www.springframework.org/schema/jdbc  http://www.springframework.org/schema/jdbc/spring-jdbc-4.0.xsd">



	<!-- 테스트 실행용 --> 
<!-- 	<jdbc:embedded-database id="dataSource" type="HSQL">
		<jdbc:script location= "classpath:/db/sampledb.sql"/>
	</jdbc:embedded-database> -->
     
     
    <!-- hsql (테스트용 메모리 DB)
    <bean id="dataSource" class="org.apache.commons.dbcp.BasicDataSource" destroy-method="close">
        <property name="driverClassName" value="net.sf.log4jdbc.DriverSpy"/>
        <property name="url" value="jdbc:log4jdbc:hsqldb:hsql://localhost/sampledb"/>
        <property name="username" value="sa"/>
    </bean>
    -->  

<!--     MariaDB (POM에서 commons-dbcp, mariaDB 관련 라이브러리 설정 , context-mapper.xml에서 impl의 mapper를 .xml와 연결)  -->
    <bean id="dataSource" class="org.apache.commons.dbcp.BasicDataSource" destroy-method="close" >
        <property name="driverClassName" value="org.mariadb.jdbc.Driver"/>
        <property name="url" value="jdbc:mysql://127.0.0.1:3306/durian" />
        <property name="username" value="root"/>
        <property name="password" value="1234"/>
    </bean>
    
    <!-- MariaDB 각 개인 -->
    <bean id="dataSource2" class="org.apache.commons.dbcp.BasicDataSource" destroy-method="close">
        <property name="driverClassName" value="org.mariadb.jdbc.Driver"/>
        <property name="url" value="jdbc:mysql://127.0.0.1:3306/thdgurwnd"/>
        <property name="username" value="root"/>
        <property name="password" value="1234"/>
    </bean>
   
    
    <!-- oracle (POM에서 commons-dbcp, ojdbc(라이센스 사항으로 별도로 배포되지 않음) 관련 라이브러리 설정)
    <bean id="dataSource" class="org.apache.commons.dbcp.BasicDataSource" destroy-method="close">
        <property name="driverClassName" value="oracle.jdbc.driver.OracleDriver"/>
        <property name="url" value="jdbc:oracle:thin:@127.0.0.1:1521:example" />
        <property name="username" value="user"/>
        <property name="password" value="password"/>
    </bean>
    -->
    
</beans>
